cluster,names,scores,logfoldchanges,pvals_adj
0,MS4A1,12.8,2.6,0.000010
0,CD79A,11.5,2.2,0.000030
0,HLA-DRA,9.6,1.8,0.000090
1,CD3D,10.9,2.4,0.000020
1,LTB,9.8,2.0,0.000080
1,IL7R,8.7,1.7,0.000200
2,NKG7,11.7,2.7,0.000010
2,GNLY,10.2,2.3,0.000040
2,PRF1,9.1,1.9,0.000110
