names,scores,logfoldchanges,pvals,pvals_adj
MS4A1,12.8,2.6,0.000001,0.000010
CD79A,11.5,2.2,0.000005,0.000030
HLA-DRA,9.6,1.8,0.000020,0.000090
LTB,8.4,1.4,0.000100,0.000400
CD3D,-7.2,-1.9,0.000300,0.001200
NKG7,-6.4,-1.6,0.000900,0.003500
LYZ,-4.8,-1.2,0.008000,0.020000
MALAT1,2.1,0.3,0.400000,0.650000
